[
  {
    "UserName": "Bobby.Perry",
    "Email": "Bobby.Perry@example.com"
  },
  {
    "UserName": "Doris.Bailey",
    "Email": "Doris.Bailey@example.com"
  },
  {
    "UserName": "Ernest.Scott",
    "Email": "Ernest.Scott@example.com"
  },
  {
    "UserName": "Lois.Hill",
    "Email": "Lois.Hill@example.com"
  },
  {
    "UserName": "Joan.Sanders",
    "Email": "Joan.Sanders@example.com"
  },
  {
    "UserName": "Kathryn.Bennett",
    "Email": "Kathryn.Bennett@example.com"
  },
  {
    "UserName": "Juan.Allen",
    "Email": "Juan.Allen@example.com"
  },
  {
    "UserName": "Adam.Rivera",
    "Email": "Adam.Rivera@example.com"
  },
  {
    "UserName": "Debra.Diaz",
    "Email": "Debra.Diaz@example.com"
  },
  {
    "UserName": "Henry.Lopez",
    "Email": "Henry.Lopez@example.com"
  },
  {
    "UserName": "Teresa.Reed",
    "Email": "Teresa.Reed@example.com"
  },
  {
    "UserName": "Frank.Simmons",
    "Email": "Frank.Simmons@example.com"
  },
  {
    "UserName": "Martin.Taylor",
    "Email": "Martin.Taylor@example.com"
  },
  {
    "UserName": "Jeremy.Gonzales",
    "Email": "Jeremy.Gonzales@example.com"
  },
  {
    "UserName": "Joe.Gonzalez",
    "Email": "Joe.Gonzalez@example.com"
  },
  {
    "UserName": "Philip.Turner",
    "Email": "Philip.Turner@example.com"
  },
  {
    "UserName": "Wanda.Young",
    "Email": "Wanda.Young@example.com"
  },
  {
    "UserName": "Heather.Walker",
    "Email": "Heather.Walker@example.com"
  },
  {
    "UserName": "Beverly.Nelson",
    "Email": "Beverly.Nelson@example.com"
  },
  {
    "UserName": "Thomas.Williams",
    "Email": "Thomas.Williams@example.com"
  },
  {
    "UserName": "Steve.Cox",
    "Email": "Steve.Cox@example.com"
  },
  {
    "UserName": "Bruce.Jackson",
    "Email": "Bruce.Jackson@example.com"
  },
  {
    "UserName": "Anne.Long",
    "Email": "Anne.Long@example.com"
  },
  {
    "UserName": "Tina.Evans",
    "Email": "Tina.Evans@example.com"
  },
  {
    "UserName": "Jean.Flores",
    "Email": "Jean.Flores@example.com"
  },
  {
    "UserName": "Laura.James",
    "Email": "Laura.James@example.com"
  },
  {
    "UserName": "Patricia.Bryant",
    "Email": "Patricia.Bryant@example.com"
  },
  {
    "UserName": "Scott.Smith",
    "Email": "Scott.Smith@example.com"
  },
  {
    "UserName": "Judith.White",
    "Email": "Judith.White@example.com"
  },
  {
    "UserName": "Harry.Brown",
    "Email": "Harry.Brown@example.com"
  },
  {
    "UserName": "Jerry.Perez",
    "Email": "Jerry.Perez@example.com"
  },
  {
    "UserName": "Jennifer.Clark",
    "Email": "Jennifer.Clark@example.com"
  },
  {
    "UserName": "Brenda.Cooper",
    "Email": "Brenda.Cooper@example.com"
  },
  {
    "UserName": "Carl.Griffin",
    "Email": "Carl.Griffin@example.com"
  },
  {
    "UserName": "Sean.Ward",
    "Email": "Sean.Ward@example.com"
  },
  {
    "UserName": "Amy.Morris",
    "Email": "Amy.Morris@example.com"
  },
  {
    "UserName": "Norma.Lee",
    "Email": "Norma.Lee@example.com"
  },
  {
    "UserName": "Margaret.Butler",
    "Email": "Margaret.Butler@example.com"
  },
  {
    "UserName": "Shawn.Peterson",
    "Email": "Shawn.Peterson@example.com"
  },
  {
    "UserName": "Julia.Roberts",
    "Email": "Julia.Roberts@example.com"
  },
  {
    "UserName": "Jessica.Richardson",
    "Email": "Jessica.Richardson@example.com"
  },
  {
    "UserName": "Jose.Price",
    "Email": "Jose.Price@example.com"
  },
  {
    "UserName": "Russell.Carter",
    "Email": "Russell.Carter@example.com"
  },
  {
    "UserName": "Ruth.Campbell",
    "Email": "Ruth.Campbell@example.com"
  },
  {
    "UserName": "Charles.Bell",
    "Email": "Charles.Bell@example.com"
  },
  {
    "UserName": "Mary.Torres",
    "Email": "Mary.Torres@example.com"
  },
  {
    "UserName": "Howard.Miller",
    "Email": "Howard.Miller@example.com"
  },
  {
    "UserName": "Melissa.Foster",
    "Email": "Melissa.Foster@example.com"
  },
  {
    "UserName": "Emily.Parker",
    "Email": "Emily.Parker@example.com"
  },
  {
    "UserName": "Pamela.Watson",
    "Email": "Pamela.Watson@example.com"
  },
  {
    "UserName": "Carolyn.Gray",
    "Email": "Carolyn.Gray@example.com"
  },
  {
    "UserName": "John.Jones",
    "Email": "John.Jones@example.com"
  },
  {
    "UserName": "Maria.Thompson",
    "Email": "Maria.Thompson@example.com"
  },
  {
    "UserName": "Jonathan.Ramirez",
    "Email": "Jonathan.Ramirez@example.com"
  },
  {
    "UserName": "Joshua.Phillips",
    "Email": "Joshua.Phillips@example.com"
  },
  {
    "UserName": "Ann.Russell",
    "Email": "Ann.Russell@example.com"
  },
  {
    "UserName": "Annie.Washington",
    "Email": "Annie.Washington@example.com"
  },
  {
    "UserName": "Diane.Cook",
    "Email": "Diane.Cook@example.com"
  },
  {
    "UserName": "Betty.Rogers",
    "Email": "Betty.Rogers@example.com"
  },
  {
    "UserName": "Lisa.Murphy",
    "Email": "Lisa.Murphy@example.com"
  },
  {
    "UserName": "Gerald.Hernandez",
    "Email": "Gerald.Hernandez@example.com"
  },
  {
    "UserName": "Kathy.Edwards",
    "Email": "Kathy.Edwards@example.com"
  },
  {
    "UserName": "Robert.Jenkins",
    "Email": "Robert.Jenkins@example.com"
  },
  {
    "UserName": "Terry.Garcia",
    "Email": "Terry.Garcia@example.com"
  },
  {
    "UserName": "Amanda.Harris",
    "Email": "Amanda.Harris@example.com"
  },
  {
    "UserName": "James.Hall",
    "Email": "James.Hall@example.com"
  },
  {
    "UserName": "Rachel.Patterson",
    "Email": "Rachel.Patterson@example.com"
  },
  {
    "UserName": "Ruby.Mitchell",
    "Email": "Ruby.Mitchell@example.com"
  },
  {
    "UserName": "Kenneth.Martin",
    "Email": "Kenneth.Martin@example.com"
  },
  {
    "UserName": "Angela.Adams",
    "Email": "Angela.Adams@example.com"
  },
  {
    "UserName": "David.Barnes",
    "Email": "David.Barnes@example.com"
  },
  {
    "UserName": "Barbara.Sanchez",
    "Email": "Barbara.Sanchez@example.com"
  },
  {
    "UserName": "Douglas.Rodriguez",
    "Email": "Douglas.Rodriguez@example.com"
  },
  {
    "UserName": "Helen.Collins",
    "Email": "Helen.Collins@example.com"
  },
  {
    "UserName": "Ryan.Johnson",
    "Email": "Ryan.Johnson@example.com"
  },
  {
    "UserName": "Sara.Wright",
    "Email": "Sara.Wright@example.com"
  },
  {
    "UserName": "Walter.Howard",
    "Email": "Walter.Howard@example.com"
  },
  {
    "UserName": "Deborah.Martinez",
    "Email": "Deborah.Martinez@example.com"
  },
  {
    "UserName": "Janice.Ross",
    "Email": "Janice.Ross@example.com"
  },
  {
    "UserName": "Jeffrey.Stewart",
    "Email": "Jeffrey.Stewart@example.com"
  },
  {
    "UserName": "Daniel.Powell",
    "Email": "Daniel.Powell@example.com"
  },
  {
    "UserName": "Denise.Coleman",
    "Email": "Denise.Coleman@example.com"
  },
  {
    "UserName": "Irene.Henderson",
    "Email": "Irene.Henderson@example.com"
  },
  {
    "UserName": "Randy.Morgan",
    "Email": "Randy.Morgan@example.com"
  },
  {
    "UserName": "Anna.Alexander",
    "Email": "Anna.Alexander@example.com"
  },
  {
    "UserName": "Andrea.Baker",
    "Email": "Andrea.Baker@example.com"
  },
  {
    "UserName": "Kathleen.Hughes",
    "Email": "Kathleen.Hughes@example.com"
  },
  {
    "UserName": "Paula.Anderson",
    "Email": "Paula.Anderson@example.com"
  },
  {
    "UserName": "Justin.Davis",
    "Email": "Justin.Davis@example.com"
  },
  {
    "UserName": "Victor.Wilson",
    "Email": "Victor.Wilson@example.com"
  },
  {
    "UserName": "Roger.Brooks",
    "Email": "Roger.Brooks@example.com"
  },
  {
    "UserName": "Raymond.Lewis",
    "Email": "Raymond.Lewis@example.com"
  },
  {
    "UserName": "Janet.Robinson",
    "Email": "Janet.Robinson@example.com"
  },
  {
    "UserName": "Rebecca.Kelly",
    "Email": "Rebecca.Kelly@example.com"
  },
  {
    "UserName": "Stephanie.Green",
    "Email": "Stephanie.Green@example.com"
  },
  {
    "UserName": "Donna.Moore",
    "Email": "Donna.Moore@example.com"
  },
  {
    "UserName": "Peter.King",
    "Email": "Peter.King@example.com"
  },
  {
    "UserName": "Louis.Thomas",
    "Email": "Louis.Thomas@example.com"
  },
  {
    "UserName": "Todd.Wood",
    "Email": "Todd.Wood@example.com"
  },
  {
    "UserName": "Eric",
    "Email": "Eric@example.com"
  }
]